{"cameraMode":{"drawMode":0,"name":"Shaded","section":"Shading Mode"},"sceneLighting":true,"audioPlay":false,"sceneViewState":{"showFog":true,"showMaterialUpdate":false,"showSkybox":true,"showFlares":true,"showImageEffects":true,"showParticleSystems":true},"in2DMode":false,"pivot":{"x":1.5000836849212647,"y":0.5940505266189575,"z":1.4331873655319214},"rotation":{"x":0.10226202756166458,"y":-0.8822231292724609,"z":0.22517260909080506,"w":0.40065786242485049},"size":3.0607662200927736,"orthographic":false}